Zmienna,Współczynnik,Błąd standardowy
intercept,3.7148655845985945,1.975376179451882
xreg,0.35225353821182726,0.16375344713920686
