Kraj,AIC,BIC,logL (log-wiarygodność)
Polska,-71.19429715788333,-67.01620740698964,39.59714857894166
Francja,-45.07550214982261,-43.40907546171018,24.537751074911306
Hiszpania,-30.077063697072433,-27.8949787903558,17.038531848536216
Stany Zjednoczone,-16.843804029199916,-15.799281591476493,9.421902014599958
