dep_var,nobs,r.squared,adj.r.squared,sigma,AIC,BIC
ln_arrivals,2004,0.6635409442941361,0.6626989546652426,0.44347246633610715,2436.113437268625,2475.3337405040584
ln_receipts,2101,0.9032336639549423,0.9030027180455269,0.24816043478136868,114.1284975286592,153.6796784345742
