dep_var,nobs,r.squared,adj.r.squared,sigma,AIC,BIC
ln_arrivals,1961,0.6613037602795465,0.6604375294874226,0.44474983953123587,2395.2934549335223,2434.361923716897
ln_receipts,2071,0.9023001026601866,0.902063541165417,0.24843485673484902,117.19064611290523,156.6411541426743
