Zmienna,Wspolczynnik,Blad standardowy,Statystyka z,Wartosc p
Opóźnione przyjazdy turystów (t-1),0.720836418648426,0.08049525479041338,8.955017541410085,3.396816171433181e-19
ln_gdp,0.16045729335101047,0.04670717798830782,3.4353883120743807,5.917053085112176e-4
unemployment,-5.886328831517795e-4,0.002323983770963129,-0.25328614188550563,0.8000471042114846
inflation,3.994774769391085e-4,6.00788094897449e-4,0.6649224249480126,0.5061001117771525
ln_tourism_exports,0.1115762237328699,0.0434876380223724,2.565699789799323,0.010296790363966758
ln_tourism_expenditures,-0.009712401025815609,0.0479013268070603,-0.20275849696054918,0.8393237986943709
