Zmienna zależna,FE: lag(y),System-GMM: lag(y)
Przyjazdy turystów (log),0.6094031968150151,0.720836418648426
Wpływy z turystyki (log),0.20195732286358362,0.0964595838802742
