Model,AR(1) p,AR(2) p,Sargan p,Hansen p,Liczba instrumentów
System-GMM: przyjazdy,1.593345490398951e-5,0.8054272294268454,0.04940665787825545,NA,78
System-GMM: wpływy,0.5580175411154489,0.0022258113315405015,0.003728779752401707,NA,78
