Zmienna,Wspolczynnik,Blad standardowy,Statystyka z,Wartosc p
Opóźnione przyjazdy turystów (t-1),0.7188281677522026,0.0805275612773634,8.926486240857612,4.397541985363396e-19
ln_gdp,0.16134512796847333,0.046625012281294204,3.4604844068471046,5.392044610803403e-4
unemployment,-5.14831482356426e-4,0.0023128335788493957,-0.22259772041728476,0.8238486107843033
inflation,3.198585165661849e-4,5.973362985057218e-4,0.5354747691816707,0.5923215999478435
ln_tourism_exports,0.1102521490071311,0.0427019284152885,2.581900937468147,0.009825778461502632
ln_tourism_expenditures,-0.002803589322674327,0.04649257780180729,-0.060301868711726804,0.9519152136397745
