Zmienna,Wspolczynnik,Blad standardowy,Statystyka z,Wartosc p
Opóźnione wpływy z turystyki (t-1),0.11599314596330679,0.06596563729650996,1.7583874077033077,0.07868161424227439
ln_gdp,0.7178954985816706,0.05451691515775418,13.168307423564137,1.3355832445286589e-39
unemployment,-0.008474749096705508,0.0027365915465700948,-3.096826454546105,0.0019560435185755187
inflation,-0.0038555078360265616,0.0018033839602980624,-2.137929537417714,0.032522462519556455
ln_tourism_exports,0.7033558604010324,0.07120564412005537,9.877810517592513,5.195567605329745e-23
ln_tourism_expenditures,-0.12939246606647004,0.062210461383782105,-2.0799149080125914,0.03753333838084882
