Zmienna zależna,FE: lag(y),System-GMM: lag(y)
Przyjazdy turystów (log),0.6099253697917718,0.7188281677522026
Wpływy z turystyki (log),0.20501459661505972,0.11599314596330679
