Model,AR(1) p,AR(2) p,Sargan p,Hansen p,Liczba instrumentów
System-GMM: przyjazdy,1.3968112839841345e-5,0.8465188440331828,0.06079460212732164,NA,78
System-GMM: wpływy,0.6415870421087735,0.0018334717825860111,0.008384807059178686,NA,78
