Zmienna,Współczynnik,Błąd standardowy,Statystyka z,Wartość p
Opóźnione wpływy z turystyki (t-1),0.0964595838802742,0.06703467833726376,1.4389504995454494,0.15016454809096175
PKB (USD) (log),0.734043813949028,0.055871697021479136,13.138026104108391,1.993595237241991e-39
Stopa bezrobocia (%),-0.009021297294641559,0.0028617808071847643,-3.152336919722419,0.001619692673505158
"Inflacja (CPI, %)",-0.004042913128033454,0.0018594695723353884,-2.174229246975945,0.029687922950164928
Eksport usług turystycznych (USD) (log),0.7246939841096811,0.07104139476734926,10.20101007986898,1.9622105003491674e-24
Wydatki turystyczne (USD) (log),-0.1382316737482725,0.06493667580362969,-2.12871496789101,0.033277849706469416
