Zmienna,Współczynnik,Błąd standardowy,Statystyka,Wartość p
Wyraz wolny,-2.4438343750811584,0.1558019719734502,-15.685516326440373,2.2185448530065e-52
PKB (USD) (log),0.7899782772230095,0.01291281551516745,61.17784895905138,0
Stopa bezrobocia (%),0.001113397717866552,0.0017603580394388871,0.6324836725950629,0.5271432457032611
"Inflacja (CPI, %)",0.001159042336169088,0.0011141921243607417,1.0402535710204186,0.2983479705549764
Eksport usług turystycznych (USD) (log),0.5627009939382276,0.026043202075027406,21.6064442581658,3.2373834366617944e-93
Wydatki turystyczne (USD) (log),-0.18125810537928838,0.04058493775448262,-4.466142253951551,8.408948135552918e-6
