Zmienna,Współczynnik,Błąd standardowy,Statystyka,Wartość p
Wyraz wolny,-1.6358695964425183,0.08436007437427152,-19.39151439322856,3.542983058973899e-77
PKB (USD) (log),0.9460047144676025,0.007024830939936933,134.66583360596795,0
Stopa bezrobocia (%),-0.005324866227200739,9.635373039478881e-4,-5.526372674294226,3.6763510147179565e-8
"Inflacja (CPI, %)",-0.002333895949589241,5.054018523047507e-4,-4.617901455932797,4.111493767987591e-6
Eksport usług turystycznych (USD) (log),0.9268140061690838,0.014053369428203386,65.94959386103392,0
Wydatki turystyczne (USD) (log),-0.12484902338644892,0.021999288493586518,-5.675139149288683,1.5782401123754813e-8
